,Date,Rent,City,Region,Latitude,Longitude,Rolling_3_Month_Average_Rent,Pct_Chg_1M_3M_Rolling_Average_Rents,Pct_Chg_12M_3M_Rolling_Average_Rents
24,2021-06-01,2597,new-york-ny,Northeast,40.7305991,-73.9865812,,,
23,2021-07-01,2712,new-york-ny,Northeast,40.7305991,-73.9865812,,,
22,2021-08-01,2945,new-york-ny,Northeast,40.7305991,-73.9865812,2751.3333333333335,,
21,2021-09-01,3091,new-york-ny,Northeast,40.7305991,-73.9865812,2916.0,0.05984976980857759,
20,2021-10-01,3218,new-york-ny,Northeast,40.7305991,-73.9865812,3084.6666666666665,0.05784179240969367,
19,2021-11-01,3186,new-york-ny,Northeast,40.7305991,-73.9865812,3165.0,0.026042792306029794,
18,2021-12-01,3237,new-york-ny,Northeast,40.7305991,-73.9865812,3213.6666666666665,0.015376513954713067,
17,2022-01-01,3230,new-york-ny,Northeast,40.7305991,-73.9865812,3217.6666666666665,0.0012446841613940052,
16,2022-02-01,3142,new-york-ny,Northeast,40.7305991,-73.9865812,3203.0,-0.004558168445042976,
15,2022-03-01,3261,new-york-ny,Northeast,40.7305991,-73.9865812,3211.0,0.0024976584452076622,
14,2022-04-01,3441,new-york-ny,Northeast,40.7305991,-73.9865812,3281.3333333333335,0.021903872106301403,
13,2022-05-01,3641,new-york-ny,Northeast,40.7305991,-73.9865812,3447.6666666666665,0.05069077610727346,
12,2022-06-01,3695,new-york-ny,Northeast,40.7305991,-73.9865812,3592.3333333333335,0.041960746398530535,
11,2022-07-01,3884,new-york-ny,Northeast,40.7305991,-73.9865812,3740.0,0.041106059200148426,
10,2022-08-01,3953,new-york-ny,Northeast,40.7305991,-73.9865812,3844.0,0.027807486631016065,0.3971407802277682
9,2022-09-01,3947,new-york-ny,Northeast,40.7305991,-73.9865812,3928.0,0.02185223725286156,0.3470507544581618
8,2022-10-01,3865,new-york-ny,Northeast,40.7305991,-73.9865812,3921.6666666666665,-0.0016123557365920194,0.27134212232548083
7,2022-11-01,3768,new-york-ny,Northeast,40.7305991,-73.9865812,3860.0,-0.015724606884827796,0.21958925750394953
6,2022-12-01,3717,new-york-ny,Northeast,40.7305991,-73.9865812,3783.3333333333335,-0.01986183074265968,0.1772637693185355
5,2023-01-01,3641,new-york-ny,Northeast,40.7305991,-73.9865812,3708.6666666666665,-0.019735682819383316,0.15259504817155278
4,2023-02-01,3398,new-york-ny,Northeast,40.7305991,-73.9865812,3585.3333333333335,-0.03325543771346384,0.11936725986054753
3,2023-03-01,3393,new-york-ny,Northeast,40.7305991,-73.9865812,3477.3333333333335,-0.03012272220156187,0.08294404650679965
2,2023-04-01,3628,new-york-ny,Northeast,40.7305991,-73.9865812,3473.0,-0.0012461656441717928,0.05841121495327095
1,2023-05-01,3893,new-york-ny,Northeast,40.7305991,-73.9865812,3638.0,0.047509357903829486,0.05520641980083152
0,2023-06-01,3995,new-york-ny,Northeast,40.7305991,-73.9865812,3838.6666666666665,0.05515851200293187,0.06857195880115041
24,2021-06-01,1372,philadelphia-pa,Northeast,39.952335,-75.163789,,,
23,2021-07-01,1347,philadelphia-pa,Northeast,39.952335,-75.163789,,,
22,2021-08-01,1356,philadelphia-pa,Northeast,39.952335,-75.163789,1358.3333333333333,,
21,2021-09-01,1368,philadelphia-pa,Northeast,39.952335,-75.163789,1357.0,-0.0009815950920244454,
20,2021-10-01,1372,philadelphia-pa,Northeast,39.952335,-75.163789,1365.3333333333333,0.006140997297961137,
19,2021-11-01,1447,philadelphia-pa,Northeast,39.952335,-75.163789,1395.6666666666667,0.022216796875000222,
18,2021-12-01,1416,philadelphia-pa,Northeast,39.952335,-75.163789,1411.6666666666667,0.011464055409601048,
17,2022-01-01,1477,philadelphia-pa,Northeast,39.952335,-75.163789,1446.6666666666667,0.024793388429751984,
16,2022-02-01,1442,philadelphia-pa,Northeast,39.952335,-75.163789,1445.0,-0.0011520737327189723,
15,2022-03-01,1405,philadelphia-pa,Northeast,39.952335,-75.163789,1441.3333333333333,-0.0025374855824683573,
14,2022-04-01,1405,philadelphia-pa,Northeast,39.952335,-75.163789,1417.3333333333333,-0.016651248843663313,
13,2022-05-01,1436,philadelphia-pa,Northeast,39.952335,-75.163789,1415.3333333333333,-0.0014111006585136865,
12,2022-06-01,1425,philadelphia-pa,Northeast,39.952335,-75.163789,1422.0,0.004710315591144765,
11,2022-07-01,1424,philadelphia-pa,Northeast,39.952335,-75.163789,1428.3333333333333,0.00445382090951707,
10,2022-08-01,1478,philadelphia-pa,Northeast,39.952335,-75.163789,1442.3333333333333,0.009801633605600824,0.061840490797546055
9,2022-09-01,1450,philadelphia-pa,Northeast,39.952335,-75.163789,1450.6666666666667,0.005777675063554533,0.06902480962908375
8,2022-10-01,1439,philadelphia-pa,Northeast,39.952335,-75.163789,1455.6666666666667,0.003446691176470562,0.06616210937500022
7,2022-11-01,1486,philadelphia-pa,Northeast,39.952335,-75.163789,1458.3333333333333,0.0018319212273871788,0.044900883687604365
6,2022-12-01,1460,philadelphia-pa,Northeast,39.952335,-75.163789,1461.6666666666667,0.0022857142857144463,0.03541912632821731
5,2023-01-01,1399,philadelphia-pa,Northeast,39.952335,-75.163789,1448.3333333333333,-0.009122006841505215,0.0011520737327188613
4,2023-02-01,1418,philadelphia-pa,Northeast,39.952335,-75.163789,1425.6666666666667,-0.01565017261219781,-0.013379469434832703
3,2023-03-01,1400,philadelphia-pa,Northeast,39.952335,-75.163789,1405.6666666666667,-0.014028524666822584,-0.024745605920443947
2,2023-04-01,1490,philadelphia-pa,Northeast,39.952335,-75.163789,1436.0,0.021579321792743578,0.013170272812794037
1,2023-05-01,1572,philadelphia-pa,Northeast,39.952335,-75.163789,1487.3333333333333,0.03574744661095641,0.05087140838436177
0,2023-06-01,1555,philadelphia-pa,Northeast,39.952335,-75.163789,1539.0,0.03473778574630226,0.08227848101265822
24,2021-06-01,2200,boston-ma,Northeast,42.3604823,-71.0595678,,,
23,2021-07-01,2290,boston-ma,Northeast,42.3604823,-71.0595678,,,
22,2021-08-01,2300,boston-ma,Northeast,42.3604823,-71.0595678,2263.3333333333335,,
21,2021-09-01,2452,boston-ma,Northeast,42.3604823,-71.0595678,2347.3333333333335,0.03711340206185576,
20,2021-10-01,2644,boston-ma,Northeast,42.3604823,-71.0595678,2465.3333333333335,0.05026980971314976,
19,2021-11-01,2622,boston-ma,Northeast,42.3604823,-71.0595678,2572.6666666666665,0.04353704705246075,
18,2021-12-01,2749,boston-ma,Northeast,42.3604823,-71.0595678,2671.6666666666665,0.038481471883907714,
17,2022-01-01,2832,boston-ma,Northeast,42.3604823,-71.0595678,2734.3333333333335,0.023456019962570185,
16,2022-02-01,2693,boston-ma,Northeast,42.3604823,-71.0595678,2758.0,0.008655369986590111,
15,2022-03-01,2600,boston-ma,Northeast,42.3604823,-71.0595678,2708.3333333333335,-0.018008218515832675,
14,2022-04-01,2533,boston-ma,Northeast,42.3604823,-71.0595678,2608.6666666666665,-0.036800000000000055,
13,2022-05-01,2512,boston-ma,Northeast,42.3604823,-71.0595678,2548.3333333333335,-0.023128034755941607,
12,2022-06-01,2512,boston-ma,Northeast,42.3604823,-71.0595678,2519.0,-0.011510791366906581,
11,2022-07-01,2590,boston-ma,Northeast,42.3604823,-71.0595678,2538.0,0.007542675664946374,
10,2022-08-01,2780,boston-ma,Northeast,42.3604823,-71.0595678,2627.3333333333335,0.035198318886262125,0.16082474226804133
9,2022-09-01,3060,boston-ma,Northeast,42.3604823,-71.0595678,2810.0,0.06952550114184208,0.19710309571144546
8,2022-10-01,3064,boston-ma,Northeast,42.3604823,-71.0595678,2968.0,0.056227758007117545,0.20389399675500264
7,2022-11-01,2995,boston-ma,Northeast,42.3604823,-71.0595678,3039.6666666666665,0.02414645103324342,0.18152371080590823
6,2022-12-01,3024,boston-ma,Northeast,42.3604823,-71.0595678,3027.6666666666665,-0.003947801294001518,0.1332501559575796
5,2023-01-01,2956,boston-ma,Northeast,42.3604823,-71.0595678,2991.6666666666665,-0.011890344599801872,0.09411191027672783
4,2023-02-01,2730,boston-ma,Northeast,42.3604823,-71.0595678,2903.3333333333335,-0.02952646239554313,0.05269518975102727
3,2023-03-01,2681,boston-ma,Northeast,42.3604823,-71.0595678,2789.0,-0.039380022962112515,0.0297846153846153
2,2023-04-01,2680,boston-ma,Northeast,42.3604823,-71.0595678,2697.0,-0.03298673359627102,0.0338614873498595
1,2023-05-01,2700,boston-ma,Northeast,42.3604823,-71.0595678,2687.0,-0.0037078235076010158,0.05441465009810331
0,2023-06-01,2750,boston-ma,Northeast,42.3604823,-71.0595678,2710.0,0.008559732043170731,0.07582373957919808
24,2021-06-01,2091,washington-dc,South,38.8949549,-77.0366456,,,
23,2021-07-01,2067,washington-dc,South,38.8949549,-77.0366456,,,
22,2021-08-01,2177,washington-dc,South,38.8949549,-77.0366456,2111.6666666666665,,
21,2021-09-01,2226,washington-dc,South,38.8949549,-77.0366456,2156.6666666666665,0.02131018153117603,
20,2021-10-01,2232,washington-dc,South,38.8949549,-77.0366456,2211.6666666666665,0.025502318392581103,
19,2021-11-01,2222,washington-dc,South,38.8949549,-77.0366456,2226.6666666666665,0.006782215523737811,
18,2021-12-01,2208,washington-dc,South,38.8949549,-77.0366456,2220.6666666666665,-0.0026946107784431295,
17,2022-01-01,2260,washington-dc,South,38.8949549,-77.0366456,2230.0,0.004202942059441606,
16,2022-02-01,2222,washington-dc,South,38.8949549,-77.0366456,2230.0,0.0,
15,2022-03-01,2237,washington-dc,South,38.8949549,-77.0366456,2239.6666666666665,0.004334828101644206,
14,2022-04-01,2257,washington-dc,South,38.8949549,-77.0366456,2238.6666666666665,-0.000446495014138959,
13,2022-05-01,2290,washington-dc,South,38.8949549,-77.0366456,2261.3333333333335,0.010125074449077065,
12,2022-06-01,2296,washington-dc,South,38.8949549,-77.0366456,2281.0,0.008696933962264008,
11,2022-07-01,2390,washington-dc,South,38.8949549,-77.0366456,2325.3333333333335,0.019435919918164624,
10,2022-08-01,2378,washington-dc,South,38.8949549,-77.0366456,2354.6666666666665,0.01261467889908241,0.11507498026835039
9,2022-09-01,2363,washington-dc,South,38.8949549,-77.0366456,2377.0,0.009484711211778185,0.10216383307573418
8,2022-10-01,2313,washington-dc,South,38.8949549,-77.0366456,2351.3333333333335,-0.010797924554760807,0.06314996232102499
7,2022-11-01,2299,washington-dc,South,38.8949549,-77.0366456,2325.0,-0.011199319535015628,0.04416167664670656
6,2022-12-01,2349,washington-dc,South,38.8949549,-77.0366456,2320.3333333333335,-0.00200716845878135,0.04488141699189452
5,2023-01-01,2333,washington-dc,South,38.8949549,-77.0366456,2327.0,0.00287315040942393,0.043497757847533736
4,2023-02-01,2304,washington-dc,South,38.8949549,-77.0366456,2328.6666666666665,0.0007162297665090911,0.04424514200298946
3,2023-03-01,2314,washington-dc,South,38.8949549,-77.0366456,2317.0,-0.00501002004008011,0.03452894776008342
2,2023-04-01,2321,washington-dc,South,38.8949549,-77.0366456,2313.0,-0.0017263703064307467,0.03320428826682553
1,2023-05-01,2372,washington-dc,South,38.8949549,-77.0366456,2335.6666666666665,0.009799682951433963,0.03287146226415083
0,2023-06-01,2375,washington-dc,South,38.8949549,-77.0366456,2356.0,0.00870558013415157,0.03288031565103022
24,2021-06-01,1725,miami-fl,South,25.7742658,-80.1936589,,,
23,2021-07-01,1800,miami-fl,South,25.7742658,-80.1936589,,,
22,2021-08-01,2001,miami-fl,South,25.7742658,-80.1936589,1842.0,,
21,2021-09-01,2193,miami-fl,South,25.7742658,-80.1936589,1998.0,0.08469055374592838,
20,2021-10-01,2237,miami-fl,South,25.7742658,-80.1936589,2143.6666666666665,0.0729062395729061,
19,2021-11-01,2326,miami-fl,South,25.7742658,-80.1936589,2252.0,0.050536464002488124,
18,2021-12-01,2466,miami-fl,South,25.7742658,-80.1936589,2343.0,0.04040852575488452,
17,2022-01-01,2323,miami-fl,South,25.7742658,-80.1936589,2371.6666666666665,0.012235026319533215,
16,2022-02-01,2441,miami-fl,South,25.7742658,-80.1936589,2410.0,0.016163035839775297,
15,2022-03-01,2484,miami-fl,South,25.7742658,-80.1936589,2416.0,0.0024896265560165887,
14,2022-04-01,2644,miami-fl,South,25.7742658,-80.1936589,2523.0,0.04428807947019875,
13,2022-05-01,2500,miami-fl,South,25.7742658,-80.1936589,2542.6666666666665,0.007794953098163582,
12,2022-06-01,2212,miami-fl,South,25.7742658,-80.1936589,2452.0,-0.035658101730466685,
11,2022-07-01,2469,miami-fl,South,25.7742658,-80.1936589,2393.6666666666665,-0.02379010331702014,
10,2022-08-01,2511,miami-fl,South,25.7742658,-80.1936589,2397.3333333333335,0.0015318200807687976,0.3014838943177707
9,2022-09-01,2503,miami-fl,South,25.7742658,-80.1936589,2494.3333333333335,0.0404616240266964,0.2484150817484152
8,2022-10-01,2560,miami-fl,South,25.7742658,-80.1936589,2524.6666666666665,0.012160898035547207,0.1777328564764422
7,2022-11-01,2690,miami-fl,South,25.7742658,-80.1936589,2584.3333333333335,0.02363348296804868,0.14757252812314992
6,2022-12-01,2664,miami-fl,South,25.7742658,-80.1936589,2638.0,0.020766155036759937,0.12590695689287235
5,2023-01-01,2663,miami-fl,South,25.7742658,-80.1936589,2672.3333333333335,0.013014910285569892,0.12677442023893204
4,2023-02-01,2612,miami-fl,South,25.7742658,-80.1936589,2646.3333333333335,-0.009729325183984061,0.09806362378976496
3,2023-03-01,2662,miami-fl,South,25.7742658,-80.1936589,2645.6666666666665,-0.0002519208968384534,0.0950607064017659
2,2023-04-01,2810,miami-fl,South,25.7742658,-80.1936589,2694.6666666666665,0.018520851707194197,0.0680406922975294
1,2023-05-01,2900,miami-fl,South,25.7742658,-80.1936589,2790.6666666666665,0.03562592775853535,0.09753539590980598
0,2023-06-01,2900,miami-fl,South,25.7742658,-80.1936589,2870.0,0.028428093645485042,0.17047308319738996
24,2021-06-01,1571,atlanta-ga,South,33.7490987,-84.3901849,,,
23,2021-07-01,1622,atlanta-ga,South,33.7490987,-84.3901849,,,
22,2021-08-01,1674,atlanta-ga,South,33.7490987,-84.3901849,1622.3333333333333,,
21,2021-09-01,1708,atlanta-ga,South,33.7490987,-84.3901849,1668.0,0.02814875693445651,
20,2021-10-01,1740,atlanta-ga,South,33.7490987,-84.3901849,1707.3333333333333,0.023581135091926386,
19,2021-11-01,1723,atlanta-ga,South,33.7490987,-84.3901849,1723.6666666666667,0.009566575556423373,
18,2021-12-01,1702,atlanta-ga,South,33.7490987,-84.3901849,1721.6666666666667,-0.0011603171533552947,
17,2022-01-01,1703,atlanta-ga,South,33.7490987,-84.3901849,1709.3333333333333,-0.007163601161665145,
16,2022-02-01,1700,atlanta-ga,South,33.7490987,-84.3901849,1701.6666666666667,-0.0044851794071761875,
15,2022-03-01,1702,atlanta-ga,South,33.7490987,-84.3901849,1701.6666666666667,0.0,
14,2022-04-01,1702,atlanta-ga,South,33.7490987,-84.3901849,1701.3333333333333,-0.00019588638589629337,
13,2022-05-01,1720,atlanta-ga,South,33.7490987,-84.3901849,1708.0,0.003918495297805746,
12,2022-06-01,1729,atlanta-ga,South,33.7490987,-84.3901849,1717.0,0.005269320843091396,
11,2022-07-01,1755,atlanta-ga,South,33.7490987,-84.3901849,1734.6666666666667,0.010289264220539662,
10,2022-08-01,1763,atlanta-ga,South,33.7490987,-84.3901849,1749.0,0.008262874711760126,0.0780768440517774
9,2022-09-01,1762,atlanta-ga,South,33.7490987,-84.3901849,1760.0,0.0062893081761006275,0.05515587529976029
8,2022-10-01,1675,atlanta-ga,South,33.7490987,-84.3901849,1733.3333333333333,-0.015151515151515249,0.015228426395939021
7,2022-11-01,1676,atlanta-ga,South,33.7490987,-84.3901849,1704.3333333333333,-0.016730769230769216,-0.011216399149100886
6,2022-12-01,1704,atlanta-ga,South,33.7490987,-84.3901849,1685.0,-0.011343633874437709,-0.021297192642788065
5,2023-01-01,1700,atlanta-ga,South,33.7490987,-84.3901849,1693.3333333333333,0.004945598417408492,-0.009360374414976613
4,2023-02-01,1764,atlanta-ga,South,33.7490987,-84.3901849,1722.6666666666667,0.017322834645669305,0.012340842311459266
3,2023-03-01,1765,atlanta-ga,South,33.7490987,-84.3901849,1743.0,0.011803405572755388,0.02428991185112639
2,2023-04-01,1743,atlanta-ga,South,33.7490987,-84.3901849,1757.3333333333333,0.008223369669152714,0.03291536050156729
1,2023-05-01,1752,atlanta-ga,South,33.7490987,-84.3901849,1753.3333333333333,-0.0022761760242792084,0.02654176424668231
0,2023-06-01,1712,atlanta-ga,South,33.7490987,-84.3901849,1735.6666666666667,-0.010076045627376295,0.010871675402834402
24,2021-06-01,1297,nashville-tn,South,36.187025,-86.78086153,,,
23,2021-07-01,1376,nashville-tn,South,36.187025,-86.78086153,,,
22,2021-08-01,1397,nashville-tn,South,36.187025,-86.78086153,1356.6666666666667,,
21,2021-09-01,1422,nashville-tn,South,36.187025,-86.78086153,1398.3333333333333,0.03071253071253066,
20,2021-10-01,1521,nashville-tn,South,36.187025,-86.78086153,1446.6666666666667,0.03456495828367112,
19,2021-11-01,1560,nashville-tn,South,36.187025,-86.78086153,1501.0,0.037557603686635854,
18,2021-12-01,1537,nashville-tn,South,36.187025,-86.78086153,1539.3333333333333,0.02553852986897609,
17,2022-01-01,1529,nashville-tn,South,36.187025,-86.78086153,1542.0,0.0017323516673886097,
16,2022-02-01,1589,nashville-tn,South,36.187025,-86.78086153,1551.6666666666667,0.006268914829226091,
15,2022-03-01,1709,nashville-tn,South,36.187025,-86.78086153,1609.0,0.03694951664876478,
14,2022-04-01,1684,nashville-tn,South,36.187025,-86.78086153,1660.6666666666667,0.03211104205510673,
13,2022-05-01,1726,nashville-tn,South,36.187025,-86.78086153,1706.3333333333333,0.027498996386993158,
12,2022-06-01,1719,nashville-tn,South,36.187025,-86.78086153,1709.6666666666667,0.0019535065442470856,
11,2022-07-01,1799,nashville-tn,South,36.187025,-86.78086153,1748.0,0.022421524663677195,
10,2022-08-01,1770,nashville-tn,South,36.187025,-86.78086153,1762.6666666666667,0.008390541571319687,0.2992628992628992
9,2022-09-01,1739,nashville-tn,South,36.187025,-86.78086153,1769.3333333333333,0.003782148260211615,0.26531585220500586
8,2022-10-01,1746,nashville-tn,South,36.187025,-86.78086153,1751.6666666666667,-0.009984928409947136,0.2108294930875576
7,2022-11-01,1700,nashville-tn,South,36.187025,-86.78086153,1728.3333333333333,-0.013320647002854513,0.15145458583166782
6,2022-12-01,1780,nashville-tn,South,36.187025,-86.78086153,1742.0,0.007907425265188062,0.13165872672152457
5,2023-01-01,1799,nashville-tn,South,36.187025,-86.78086153,1759.6666666666667,0.010141599693838543,0.14115866839602242
4,2023-02-01,1804,nashville-tn,South,36.187025,-86.78086153,1794.3333333333333,0.019700700890320055,0.15639097744360897
3,2023-03-01,1776,nashville-tn,South,36.187025,-86.78086153,1793.0,-0.0007430800668771775,0.1143567433188315
2,2023-04-01,1752,nashville-tn,South,36.187025,-86.78086153,1777.3333333333333,-0.008737683584309375,0.07025291047771964
1,2023-05-01,1779,nashville-tn,South,36.187025,-86.78086153,1769.0,-0.0046886721680419186,0.03672592303184219
0,2023-06-01,1770,nashville-tn,South,36.187025,-86.78086153,1767.0,-0.0011305822498586249,0.03353480210567361
24,2021-06-01,1265,tampa-fl,South,27.9477595,-82.458444,,,
23,2021-07-01,1300,tampa-fl,South,27.9477595,-82.458444,,,
22,2021-08-01,1501,tampa-fl,South,27.9477595,-82.458444,1355.3333333333333,,
21,2021-09-01,1602,tampa-fl,South,27.9477595,-82.458444,1467.6666666666667,0.08288243974422049,
20,2021-10-01,1628,tampa-fl,South,27.9477595,-82.458444,1577.0,0.07449466272995675,
19,2021-11-01,1677,tampa-fl,South,27.9477595,-82.458444,1635.6666666666667,0.037201437328260534,
18,2021-12-01,1577,tampa-fl,South,27.9477595,-82.458444,1627.3333333333333,-0.005094762584063717,
17,2022-01-01,1580,tampa-fl,South,27.9477595,-82.458444,1611.3333333333333,-0.009832036050798854,
16,2022-02-01,1592,tampa-fl,South,27.9477595,-82.458444,1583.0,-0.017583781547372723,
15,2022-03-01,1607,tampa-fl,South,27.9477595,-82.458444,1593.0,0.006317119393556503,
14,2022-04-01,1695,tampa-fl,South,27.9477595,-82.458444,1631.3333333333333,0.024063611634232984,
13,2022-05-01,1740,tampa-fl,South,27.9477595,-82.458444,1680.6666666666667,0.030241111565181944,
12,2022-06-01,1757,tampa-fl,South,27.9477595,-82.458444,1730.6666666666667,0.029750099166997224,
11,2022-07-01,1775,tampa-fl,South,27.9477595,-82.458444,1757.3333333333333,0.015408320493066174,
10,2022-08-01,1794,tampa-fl,South,27.9477595,-82.458444,1775.3333333333333,0.010242792109256493,0.309886866699459
9,2022-09-01,1730,tampa-fl,South,27.9477595,-82.458444,1766.3333333333333,-0.005069470521967712,0.20349761526232113
8,2022-10-01,1674,tampa-fl,South,27.9477595,-82.458444,1732.6666666666667,-0.01906020003774289,0.09871063200169106
7,2022-11-01,1652,tampa-fl,South,27.9477595,-82.458444,1685.3333333333333,-0.027318199307426072,0.030364785001018912
6,2022-12-01,1611,tampa-fl,South,27.9477595,-82.458444,1645.6666666666667,-0.023536392405063222,0.011265874641540385
5,2023-01-01,1626,tampa-fl,South,27.9477595,-82.458444,1629.6666666666667,-0.009722503544662753,0.011377741001241226
4,2023-02-01,1663,tampa-fl,South,27.9477595,-82.458444,1633.3333333333333,0.0022499488647984567,0.03179616761423443
3,2023-03-01,1685,tampa-fl,South,27.9477595,-82.458444,1658.0,0.01510204081632649,0.04080351537978655
2,2023-04-01,1677,tampa-fl,South,27.9477595,-82.458444,1675.0,0.010253317249698357,0.026767470371884095
1,2023-05-01,1681,tampa-fl,South,27.9477595,-82.458444,1681.0,0.0035820895522387097,0.00019833399444668665
0,2023-06-01,1675,tampa-fl,South,27.9477595,-82.458444,1677.6666666666667,-0.0019829466587348854,-0.030624036979969183
24,2021-06-01,1305,charlotte-nc,South,35.2270869,-80.8431268,,,
23,2021-07-01,1334,charlotte-nc,South,35.2270869,-80.8431268,,,
22,2021-08-01,1391,charlotte-nc,South,35.2270869,-80.8431268,1343.3333333333333,,
21,2021-09-01,1475,charlotte-nc,South,35.2270869,-80.8431268,1400.0,0.042183622828784184,
20,2021-10-01,1431,charlotte-nc,South,35.2270869,-80.8431268,1432.3333333333333,0.023095238095238058,
19,2021-11-01,1422,charlotte-nc,South,35.2270869,-80.8431268,1442.6666666666667,0.007214335582965026,
18,2021-12-01,1375,charlotte-nc,South,35.2270869,-80.8431268,1409.3333333333333,-0.02310536044362299,
17,2022-01-01,1392,charlotte-nc,South,35.2270869,-80.8431268,1396.3333333333333,-0.009224219489120111,
16,2022-02-01,1359,charlotte-nc,South,35.2270869,-80.8431268,1375.3333333333333,-0.015039388875626614,
15,2022-03-01,1394,charlotte-nc,South,35.2270869,-80.8431268,1381.6666666666667,0.004604944255938159,
14,2022-04-01,1410,charlotte-nc,South,35.2270869,-80.8431268,1387.6666666666667,0.004342581423401715,
13,2022-05-01,1454,charlotte-nc,South,35.2270869,-80.8431268,1419.3333333333333,0.022820081671871106,
12,2022-06-01,1486,charlotte-nc,South,35.2270869,-80.8431268,1450.0,0.02160638797557546,
11,2022-07-01,1497,charlotte-nc,South,35.2270869,-80.8431268,1479.0,0.020000000000000018,
10,2022-08-01,1499,charlotte-nc,South,35.2270869,-80.8431268,1494.0,0.010141987829614507,0.11215880893300256
9,2022-09-01,1495,charlotte-nc,South,35.2270869,-80.8431268,1497.0,0.002008032128514081,0.0692857142857144
8,2022-10-01,1474,charlotte-nc,South,35.2270869,-80.8431268,1489.3333333333333,-0.005121353818748675,0.039795205957644963
7,2022-11-01,1483,charlotte-nc,South,35.2270869,-80.8431268,1484.0,-0.0035810205908684,0.02865064695009245
6,2022-12-01,1539,charlotte-nc,South,35.2270869,-80.8431268,1498.6666666666667,0.009883198562443907,0.06338694418164637
5,2023-01-01,1559,charlotte-nc,South,35.2270869,-80.8431268,1527.0,0.018905693950177938,0.0935784196705658
4,2023-02-01,1565,charlotte-nc,South,35.2270869,-80.8431268,1554.3333333333333,0.017900021829294843,0.13015026660203577
3,2023-03-01,1574,charlotte-nc,South,35.2270869,-80.8431268,1566.0,0.007505897490885705,0.13341375150784063
2,2023-04-01,1587,charlotte-nc,South,35.2270869,-80.8431268,1575.3333333333333,0.005959982971477151,0.13523901032908947
1,2023-05-01,1568,charlotte-nc,South,35.2270869,-80.8431268,1576.3333333333333,0.0006347862886162403,0.11061531235321742
0,2023-06-01,1561,charlotte-nc,South,35.2270869,-80.8431268,1572.0,-0.0027489955593148485,0.08413793103448275
24,2021-06-01,996,jacksonville-fl,South,30.3321838,-81.655651,,,
23,2021-07-01,1002,jacksonville-fl,South,30.3321838,-81.655651,,,
22,2021-08-01,1035,jacksonville-fl,South,30.3321838,-81.655651,1011.0,,
21,2021-09-01,1062,jacksonville-fl,South,30.3321838,-81.655651,1033.0,0.021760633036597365,
20,2021-10-01,1164,jacksonville-fl,South,30.3321838,-81.655651,1087.0,0.0522749273959342,
19,2021-11-01,1324,jacksonville-fl,South,30.3321838,-81.655651,1183.3333333333333,0.08862312174179698,
18,2021-12-01,1217,jacksonville-fl,South,30.3321838,-81.655651,1235.0,0.04366197183098608,
17,2022-01-01,1205,jacksonville-fl,South,30.3321838,-81.655651,1248.6666666666667,0.01106612685560071,
16,2022-02-01,1239,jacksonville-fl,South,30.3321838,-81.655651,1220.3333333333333,-0.02269087026161254,
15,2022-03-01,1257,jacksonville-fl,South,30.3321838,-81.655651,1233.6666666666667,0.010925976509150725,
14,2022-04-01,1277,jacksonville-fl,South,30.3321838,-81.655651,1257.6666666666667,0.019454201567143947,
13,2022-05-01,1283,jacksonville-fl,South,30.3321838,-81.655651,1272.3333333333333,0.011661807580174877,
12,2022-06-01,1284,jacksonville-fl,South,30.3321838,-81.655651,1281.3333333333333,0.007073618024626693,
11,2022-07-01,1293,jacksonville-fl,South,30.3321838,-81.655651,1286.6666666666667,0.0041623309053071544,
10,2022-08-01,1257,jacksonville-fl,South,30.3321838,-81.655651,1278.0,-0.006735751295336878,0.26409495548961415
9,2022-09-01,1207,jacksonville-fl,South,30.3321838,-81.655651,1252.3333333333333,-0.02008346374543568,0.21232655695385594
8,2022-10-01,1208,jacksonville-fl,South,30.3321838,-81.655651,1224.0,-0.02262443438914019,0.12603495860165603
7,2022-11-01,1293,jacksonville-fl,South,30.3321838,-81.655651,1236.0,0.009803921568627416,0.0445070422535212
6,2022-12-01,1327,jacksonville-fl,South,30.3321838,-81.655651,1276.0,0.032362459546925626,0.03319838056680169
5,2023-01-01,1311,jacksonville-fl,South,30.3321838,-81.655651,1310.3333333333333,0.026907001044931933,0.04938601174586221
4,2023-02-01,1302,jacksonville-fl,South,30.3321838,-81.655651,1313.3333333333333,0.0022894937674891036,0.0762086861513247
3,2023-03-01,1291,jacksonville-fl,South,30.3321838,-81.655651,1301.3333333333333,-0.009137055837563413,0.05485004052958642
2,2023-04-01,1303,jacksonville-fl,South,30.3321838,-81.655651,1298.6666666666667,-0.002049180327868716,0.03260005300821622
1,2023-05-01,1287,jacksonville-fl,South,30.3321838,-81.655651,1293.6666666666667,-0.0038501026694045537,0.01676709457689296
0,2023-06-01,1285,jacksonville-fl,South,30.3321838,-81.655651,1291.6666666666667,-0.0015459933006957138,0.008064516129032473
24,2021-06-01,1369,orlando-fl,South,28.5421175,-81.3790462,,,
23,2021-07-01,1439,orlando-fl,South,28.5421175,-81.3790462,,,
22,2021-08-01,1492,orlando-fl,South,28.5421175,-81.3790462,1433.3333333333333,,
21,2021-09-01,1544,orlando-fl,South,28.5421175,-81.3790462,1491.6666666666667,0.04069767441860472,
20,2021-10-01,1572,orlando-fl,South,28.5421175,-81.3790462,1536.0,0.0297206703910613,
19,2021-11-01,1657,orlando-fl,South,28.5421175,-81.3790462,1591.0,0.03580729166666674,
18,2021-12-01,1622,orlando-fl,South,28.5421175,-81.3790462,1617.0,0.01634192331866746,
17,2022-01-01,1615,orlando-fl,South,28.5421175,-81.3790462,1631.3333333333333,0.008864151721294622,
16,2022-02-01,1616,orlando-fl,South,28.5421175,-81.3790462,1617.6666666666667,-0.008377605230894924,
15,2022-03-01,1628,orlando-fl,South,28.5421175,-81.3790462,1619.6666666666667,0.0012363486503192966,
14,2022-04-01,1679,orlando-fl,South,28.5421175,-81.3790462,1641.0,0.013171434451533237,
13,2022-05-01,1703,orlando-fl,South,28.5421175,-81.3790462,1670.0,0.017672151127361424,
12,2022-06-01,1688,orlando-fl,South,28.5421175,-81.3790462,1690.0,0.011976047904191711,
11,2022-07-01,1703,orlando-fl,South,28.5421175,-81.3790462,1698.0,0.004733727810650956,
10,2022-08-01,1703,orlando-fl,South,28.5421175,-81.3790462,1698.0,0.0,0.1846511627906977
9,2022-09-01,1637,orlando-fl,South,28.5421175,-81.3790462,1681.0,-0.010011778563015272,0.1269273743016759
8,2022-10-01,1622,orlando-fl,South,28.5421175,-81.3790462,1654.0,-0.016061867935752483,0.07682291666666674
7,2022-11-01,1699,orlando-fl,South,28.5421175,-81.3790462,1652.6666666666667,-0.0008061265618701796,0.03875968992248069
6,2022-12-01,1699,orlando-fl,South,28.5421175,-81.3790462,1673.3333333333333,0.012505042355788643,0.034838177695320605
5,2023-01-01,1675,orlando-fl,South,28.5421175,-81.3790462,1691.0,0.010557768924302824,0.03657539844707802
4,2023-02-01,1647,orlando-fl,South,28.5421175,-81.3790462,1673.6666666666667,-0.010250344963532387,0.03461776220894297
3,2023-03-01,1648,orlando-fl,South,28.5421175,-81.3790462,1656.6666666666667,-0.01015733917546302,0.022844206626877916
2,2023-04-01,1648,orlando-fl,South,28.5421175,-81.3790462,1647.6666666666667,-0.005432595573440668,0.004062563477554404
1,2023-05-01,1650,orlando-fl,South,28.5421175,-81.3790462,1648.6666666666667,0.0006069188751769428,-0.012774451097804396
0,2023-06-01,1639,orlando-fl,South,28.5421175,-81.3790462,1645.6666666666667,-0.001819652244237746,-0.026232741617357003
24,2021-06-01,1410,chicago-il,Mid-West,41.8755546,-87.6244212,,,
23,2021-07-01,1420,chicago-il,Mid-West,41.8755546,-87.6244212,,,
22,2021-08-01,1447,chicago-il,Mid-West,41.8755546,-87.6244212,1425.6666666666667,,
21,2021-09-01,1439,chicago-il,Mid-West,41.8755546,-87.6244212,1435.3333333333333,0.006780453588964175,
20,2021-10-01,1487,chicago-il,Mid-West,41.8755546,-87.6244212,1457.6666666666667,0.015559684161635001,
19,2021-11-01,1523,chicago-il,Mid-West,41.8755546,-87.6244212,1483.0,0.017379373427852673,
18,2021-12-01,1599,chicago-il,Mid-West,41.8755546,-87.6244212,1536.3333333333333,0.03596313778377169,
17,2022-01-01,1592,chicago-il,Mid-West,41.8755546,-87.6244212,1571.3333333333333,0.02278151442829257,
16,2022-02-01,1618,chicago-il,Mid-West,41.8755546,-87.6244212,1603.0,0.02015273652948668,
15,2022-03-01,1583,chicago-il,Mid-West,41.8755546,-87.6244212,1597.6666666666667,-0.0033270950301517166,
14,2022-04-01,1870,chicago-il,Mid-West,41.8755546,-87.6244212,1690.3333333333333,0.0580012518255788,
13,2022-05-01,1916,chicago-il,Mid-West,41.8755546,-87.6244212,1789.6666666666667,0.05876552948136471,
12,2022-06-01,1953,chicago-il,Mid-West,41.8755546,-87.6244212,1913.0,0.06891413671074686,
11,2022-07-01,1900,chicago-il,Mid-West,41.8755546,-87.6244212,1923.0,0.005227391531625658,
10,2022-08-01,1778,chicago-il,Mid-West,41.8755546,-87.6244212,1877.0,-0.023920956838273555,0.31657703998129527
9,2022-09-01,1815,chicago-il,Mid-West,41.8755546,-87.6244212,1831.0,-0.024507192328183325,0.2756618671620994
8,2022-10-01,1833,chicago-il,Mid-West,41.8755546,-87.6244212,1808.6666666666667,-0.012197342071727624,0.24079579236222282
7,2022-11-01,1837,chicago-il,Mid-West,41.8755546,-87.6244212,1828.3333333333333,0.01087357169185399,0.2328613171499212
6,2022-12-01,1827,chicago-il,Mid-West,41.8755546,-87.6244212,1832.3333333333333,0.0021877848678213407,0.19266652202213064
5,2023-01-01,1840,chicago-il,Mid-West,41.8755546,-87.6244212,1834.6666666666667,0.0012734218664727237,0.16758591429783642
4,2023-02-01,1783,chicago-il,Mid-West,41.8755546,-87.6244212,1816.6666666666667,-0.009811046511627897,0.13329174464545646
3,2023-03-01,1742,chicago-il,Mid-West,41.8755546,-87.6244212,1788.3333333333333,-0.015596330275229442,0.11934070519507611
2,2023-04-01,1781,chicago-il,Mid-West,41.8755546,-87.6244212,1768.6666666666667,-0.010997204100652302,0.04634194438966688
1,2023-05-01,1947,chicago-il,Mid-West,41.8755546,-87.6244212,1823.3333333333333,0.030908405578590203,0.01881169677779848
0,2023-06-01,2093,chicago-il,Mid-West,41.8755546,-87.6244212,1940.3333333333333,0.0641681901279707,0.014288203519776888
24,2021-06-01,612,butte-silver-bow-mt,Mid-West,45.9838436,-112.5007277,,,
23,2021-07-01,712,butte-silver-bow-mt,Mid-West,45.9838436,-112.5007277,,,
22,2021-08-01,719,butte-silver-bow-mt,Mid-West,45.9838436,-112.5007277,681.0,,
21,2021-09-01,703,butte-silver-bow-mt,Mid-West,45.9838436,-112.5007277,711.3333333333334,0.04454233969652477,
20,2021-10-01,700,butte-silver-bow-mt,Mid-West,45.9838436,-112.5007277,707.3333333333334,-0.005623242736644829,
19,2021-11-01,690,butte-silver-bow-mt,Mid-West,45.9838436,-112.5007277,697.6666666666666,-0.013666352497643808,
18,2021-12-01,661,butte-silver-bow-mt,Mid-West,45.9838436,-112.5007277,683.6666666666666,-0.02006688963210701,
17,2022-01-01,602,butte-silver-bow-mt,Mid-West,45.9838436,-112.5007277,651.0,-0.04778156996587024,
16,2022-02-01,699,butte-silver-bow-mt,Mid-West,45.9838436,-112.5007277,654.0,0.004608294930875667,
15,2022-03-01,700,butte-silver-bow-mt,Mid-West,45.9838436,-112.5007277,667.0,0.01987767584097866,
14,2022-04-01,737,butte-silver-bow-mt,Mid-West,45.9838436,-112.5007277,712.0,0.06746626686656665,
13,2022-05-01,803,butte-silver-bow-mt,Mid-West,45.9838436,-112.5007277,746.6666666666666,0.04868913857677892,
12,2022-06-01,768,butte-silver-bow-mt,Mid-West,45.9838436,-112.5007277,769.3333333333334,0.03035714285714297,
11,2022-07-01,750,butte-silver-bow-mt,Mid-West,45.9838436,-112.5007277,773.6666666666666,0.0056325823223568605,
10,2022-08-01,741,butte-silver-bow-mt,Mid-West,45.9838436,-112.5007277,753.0,-0.026712623869021956,0.10572687224669597
9,2022-09-01,780,butte-silver-bow-mt,Mid-West,45.9838436,-112.5007277,757.0,0.005312084993359889,0.06419868791002803
8,2022-10-01,743,butte-silver-bow-mt,Mid-West,45.9838436,-112.5007277,754.6666666666666,-0.003082342580361108,0.06691800188501396
7,2022-11-01,822,butte-silver-bow-mt,Mid-West,45.9838436,-112.5007277,781.6666666666666,0.03577738515901063,0.12040133779264206
6,2022-12-01,842,butte-silver-bow-mt,Mid-West,45.9838436,-112.5007277,802.3333333333334,0.02643923240938184,0.17357386640663108
5,2023-01-01,800,butte-silver-bow-mt,Mid-West,45.9838436,-112.5007277,821.3333333333334,0.023680930619027762,0.2616487455197134
4,2023-02-01,756,butte-silver-bow-mt,Mid-West,45.9838436,-112.5007277,799.3333333333334,-0.0267857142857143,0.22222222222222232
3,2023-03-01,777,butte-silver-bow-mt,Mid-West,45.9838436,-112.5007277,777.6666666666666,-0.027105921601334515,0.16591704147926034
2,2023-04-01,827,butte-silver-bow-mt,Mid-West,45.9838436,-112.5007277,786.6666666666666,0.01157308186883843,0.10486891385767794
1,2023-05-01,866,butte-silver-bow-mt,Mid-West,45.9838436,-112.5007277,823.3333333333334,0.04661016949152552,0.10267857142857162
0,2023-06-01,1000,butte-silver-bow-mt,Mid-West,45.9838436,-112.5007277,897.6666666666666,0.09028340080971642,0.16681109185441922
24,2021-06-01,1454,denver-co,West,39.7391536,-104.9847034,,,
23,2021-07-01,1470,denver-co,West,39.7391536,-104.9847034,,,
22,2021-08-01,1583,denver-co,West,39.7391536,-104.9847034,1502.3333333333333,,
21,2021-09-01,1656,denver-co,West,39.7391536,-104.9847034,1569.6666666666667,0.04481917017972048,
20,2021-10-01,1706,denver-co,West,39.7391536,-104.9847034,1648.3333333333333,0.050116797621575504,
19,2021-11-01,1691,denver-co,West,39.7391536,-104.9847034,1684.3333333333333,0.021840242669362908,
18,2021-12-01,1676,denver-co,West,39.7391536,-104.9847034,1691.0,0.003958044725905552,
17,2022-01-01,1687,denver-co,West,39.7391536,-104.9847034,1684.6666666666667,-0.0037453183520599342,
16,2022-02-01,1710,denver-co,West,39.7391536,-104.9847034,1691.0,0.003759398496240518,
15,2022-03-01,1743,denver-co,West,39.7391536,-104.9847034,1713.3333333333333,0.013207175241474411,
14,2022-04-01,1754,denver-co,West,39.7391536,-104.9847034,1735.6666666666667,0.013035019455253094,
13,2022-05-01,1741,denver-co,West,39.7391536,-104.9847034,1746.0,0.0059535241021702046,
12,2022-06-01,1748,denver-co,West,39.7391536,-104.9847034,1747.6666666666667,0.000954562810232984,
11,2022-07-01,1766,denver-co,West,39.7391536,-104.9847034,1751.6666666666667,0.0022887659736792187,
10,2022-08-01,1719,denver-co,West,39.7391536,-104.9847034,1744.3333333333333,-0.004186489058040088,0.16108276015087641
9,2022-09-01,1704,denver-co,West,39.7391536,-104.9847034,1729.6666666666667,-0.008408178864895755,0.10193246973879799
8,2022-10-01,1716,denver-co,West,39.7391536,-104.9847034,1713.0,-0.00963576797070731,0.03923154701718912
7,2022-11-01,1645,denver-co,West,39.7391536,-104.9847034,1688.3333333333333,-0.014399688655380438,0.0023748268355432423
6,2022-12-01,1678,denver-co,West,39.7391536,-104.9847034,1679.6666666666667,-0.005133267522211216,-0.006702148630001958
5,2023-01-01,1728,denver-co,West,39.7391536,-104.9847034,1683.6666666666667,0.0023814248858899933,-0.0005935892362485262
4,2023-02-01,1769,denver-co,West,39.7391536,-104.9847034,1725.0,0.0245495941397742,0.020106445890005986
3,2023-03-01,1747,denver-co,West,39.7391536,-104.9847034,1748.0,0.01333333333333342,0.020233463035019605
2,2023-04-01,1712,denver-co,West,39.7391536,-104.9847034,1742.6666666666667,-0.0030511060259343914,0.004033032456308705
1,2023-05-01,1782,denver-co,West,39.7391536,-104.9847034,1747.0,0.002486610558530833,0.000572737686139746
0,2023-06-01,1799,denver-co,West,39.7391536,-104.9847034,1764.3333333333333,0.009921770654455209,0.009536524890329856
24,2021-06-01,1100,phoenix-az,West,33.4467681,-112.0756724,,,
23,2021-07-01,1153,phoenix-az,West,33.4467681,-112.0756724,,,
22,2021-08-01,1215,phoenix-az,West,33.4467681,-112.0756724,1156.0,,
21,2021-09-01,1256,phoenix-az,West,33.4467681,-112.0756724,1208.0,0.04498269896193774,
20,2021-10-01,1275,phoenix-az,West,33.4467681,-112.0756724,1248.6666666666667,0.03366445916114791,
19,2021-11-01,1250,phoenix-az,West,33.4467681,-112.0756724,1260.3333333333333,0.009343299519487314,
18,2021-12-01,1265,phoenix-az,West,33.4467681,-112.0756724,1263.3333333333333,0.002380322665961332,
17,2022-01-01,1281,phoenix-az,West,33.4467681,-112.0756724,1265.3333333333333,0.0015831134564643357,
16,2022-02-01,1298,phoenix-az,West,33.4467681,-112.0756724,1281.3333333333333,0.012644889357218192,
15,2022-03-01,1312,phoenix-az,West,33.4467681,-112.0756724,1297.0,0.012226847034339183,
14,2022-04-01,1321,phoenix-az,West,33.4467681,-112.0756724,1310.3333333333333,0.010280133641737299,
13,2022-05-01,1342,phoenix-az,West,33.4467681,-112.0756724,1325.0,0.011193080641058284,
12,2022-06-01,1348,phoenix-az,West,33.4467681,-112.0756724,1337.0,0.00905660377358486,
11,2022-07-01,1357,phoenix-az,West,33.4467681,-112.0756724,1349.0,0.008975317875841382,
10,2022-08-01,1442,phoenix-az,West,33.4467681,-112.0756724,1382.3333333333333,0.024709661477637646,0.1957900807381776
9,2022-09-01,1423,phoenix-az,West,33.4467681,-112.0756724,1407.3333333333333,0.018085362912949154,0.16501103752759372
8,2022-10-01,1380,phoenix-az,West,33.4467681,-112.0756724,1415.0,0.005447655139744212,0.1332087560064068
7,2022-11-01,1389,phoenix-az,West,33.4467681,-112.0756724,1397.3333333333333,-0.012485276796230904,0.10870140174556986
6,2022-12-01,1313,phoenix-az,West,33.4467681,-112.0756724,1360.6666666666667,-0.026240458015267087,0.07704485488126656
5,2023-01-01,1293,phoenix-az,West,33.4467681,-112.0756724,1331.6666666666667,-0.021313081822635915,0.05242360379346689
4,2023-02-01,1401,phoenix-az,West,33.4467681,-112.0756724,1335.6666666666667,0.003003754693366778,0.04240374609781483
3,2023-03-01,1397,phoenix-az,West,33.4467681,-112.0756724,1363.6666666666667,0.02096331420014974,0.05140066820868672
2,2023-04-01,1402,phoenix-az,West,33.4467681,-112.0756724,1400.0,0.026643852358836373,0.0684304248282881
1,2023-05-01,1377,phoenix-az,West,33.4467681,-112.0756724,1392.0,-0.005714285714285672,0.050566037735849
0,2023-06-01,1350,phoenix-az,West,33.4467681,-112.0756724,1376.3333333333333,-0.011254789272030719,0.029419097481924616
24,2021-06-01,1278,dallas-tx,Texas,32.7761963,-96.7968994,,,
23,2021-07-01,1330,dallas-tx,Texas,32.7761963,-96.7968994,,,
22,2021-08-01,1358,dallas-tx,Texas,32.7761963,-96.7968994,1322.0,,
21,2021-09-01,1400,dallas-tx,Texas,32.7761963,-96.7968994,1362.6666666666667,0.030761472516389388,
20,2021-10-01,1422,dallas-tx,Texas,32.7761963,-96.7968994,1393.3333333333333,0.02250489236790587,
19,2021-11-01,1438,dallas-tx,Texas,32.7761963,-96.7968994,1420.0,0.019138755980861344,
18,2021-12-01,1356,dallas-tx,Texas,32.7761963,-96.7968994,1405.3333333333333,-0.010328638497652642,
17,2022-01-01,1424,dallas-tx,Texas,32.7761963,-96.7968994,1406.0,0.0004743833017077925,
16,2022-02-01,1425,dallas-tx,Texas,32.7761963,-96.7968994,1401.6666666666667,-0.003082029397818764,
15,2022-03-01,1411,dallas-tx,Texas,32.7761963,-96.7968994,1420.0,0.013079667063020217,
14,2022-04-01,1452,dallas-tx,Texas,32.7761963,-96.7968994,1429.3333333333333,0.00657276995305156,
13,2022-05-01,1470,dallas-tx,Texas,32.7761963,-96.7968994,1444.3333333333333,0.010494402985074647,
12,2022-06-01,1453,dallas-tx,Texas,32.7761963,-96.7968994,1458.3333333333333,0.009693053311793154,
11,2022-07-01,1447,dallas-tx,Texas,32.7761963,-96.7968994,1456.6666666666667,-0.0011428571428570011,
10,2022-08-01,1447,dallas-tx,Texas,32.7761963,-96.7968994,1449.0,-0.0052631578947368585,0.09606656580937978
9,2022-09-01,1468,dallas-tx,Texas,32.7761963,-96.7968994,1454.0,0.003450655624568588,0.06702544031311142
8,2022-10-01,1444,dallas-tx,Texas,32.7761963,-96.7968994,1453.0,-0.0006877579092159358,0.042822966507177096
7,2022-11-01,1444,dallas-tx,Texas,32.7761963,-96.7968994,1452.0,-0.0006882312456985007,0.022535211267605604
6,2022-12-01,1459,dallas-tx,Texas,32.7761963,-96.7968994,1449.0,-0.0020661157024793875,0.031072106261859744
5,2023-01-01,1453,dallas-tx,Texas,32.7761963,-96.7968994,1452.0,0.0020703933747412417,0.03271692745376953
4,2023-02-01,1501,dallas-tx,Texas,32.7761963,-96.7968994,1471.0,0.013085399449035862,0.04946492271105818
3,2023-03-01,1491,dallas-tx,Texas,32.7761963,-96.7968994,1481.6666666666667,0.007251302968502182,0.043427230046948484
2,2023-04-01,1487,dallas-tx,Texas,32.7761963,-96.7968994,1493.0,0.007649043869516259,0.044542910447761264
1,2023-05-01,1424,dallas-tx,Texas,32.7761963,-96.7968994,1467.3333333333333,-0.017191337352087555,0.015924301869374657
0,2023-06-01,1387,dallas-tx,Texas,32.7761963,-96.7968994,1432.6666666666667,-0.02362562471603802,-0.01759999999999995
24,2021-06-01,1291,austin-tx,Texas,30.2711286,-97.7436995,,,
23,2021-07-01,1345,austin-tx,Texas,30.2711286,-97.7436995,,,
22,2021-08-01,1440,austin-tx,Texas,30.2711286,-97.7436995,1358.6666666666667,,
21,2021-09-01,1489,austin-tx,Texas,30.2711286,-97.7436995,1424.6666666666667,0.0485770363101079,
20,2021-10-01,1510,austin-tx,Texas,30.2711286,-97.7436995,1479.6666666666667,0.03860552175947585,
19,2021-11-01,1539,austin-tx,Texas,30.2711286,-97.7436995,1512.6666666666667,0.022302320342419524,
18,2021-12-01,1492,austin-tx,Texas,30.2711286,-97.7436995,1513.6666666666667,0.0006610841780521071,
17,2022-01-01,1553,austin-tx,Texas,30.2711286,-97.7436995,1528.0,0.009469279894296356,
16,2022-02-01,1546,austin-tx,Texas,30.2711286,-97.7436995,1530.3333333333333,0.0015270506108202575,
15,2022-03-01,1573,austin-tx,Texas,30.2711286,-97.7436995,1557.3333333333333,0.01764321498584187,
14,2022-04-01,1559,austin-tx,Texas,30.2711286,-97.7436995,1559.3333333333333,0.0012842465753424293,
13,2022-05-01,1550,austin-tx,Texas,30.2711286,-97.7436995,1560.6666666666667,0.0008550662676358733,
12,2022-06-01,1581,austin-tx,Texas,30.2711286,-97.7436995,1563.3333333333333,0.0017086715079024373,
11,2022-07-01,1631,austin-tx,Texas,30.2711286,-97.7436995,1587.3333333333333,0.015351812366737771,
10,2022-08-01,1647,austin-tx,Texas,30.2711286,-97.7436995,1619.6666666666667,0.02036959260814797,0.19210009813542683
9,2022-09-01,1715,austin-tx,Texas,30.2711286,-97.7436995,1664.3333333333333,0.02757769088289752,0.16822648572765542
8,2022-10-01,1663,austin-tx,Texas,30.2711286,-97.7436995,1675.0,0.006408972561586346,0.13201171435007875
7,2022-11-01,1680,austin-tx,Texas,30.2711286,-97.7436995,1686.0,0.006567164179104523,0.11458792419568087
6,2022-12-01,1679,austin-tx,Texas,30.2711286,-97.7436995,1674.0,-0.007117437722419906,0.10592380532922263
5,2023-01-01,1648,austin-tx,Texas,30.2711286,-97.7436995,1669.0,-0.0029868578255675127,0.0922774869109948
4,2023-02-01,1668,austin-tx,Texas,30.2711286,-97.7436995,1665.0,-0.002396644697423622,0.08799825746024847
3,2023-03-01,1599,austin-tx,Texas,30.2711286,-97.7436995,1638.3333333333333,-0.0160160160160161,0.05201198630136994
2,2023-04-01,1595,austin-tx,Texas,30.2711286,-97.7436995,1620.6666666666667,-0.010783316378433327,0.03933304831124418
1,2023-05-01,1590,austin-tx,Texas,30.2711286,-97.7436995,1594.6666666666667,-0.016042780748663055,0.021785561725758296
0,2023-06-01,1500,austin-tx,Texas,30.2711286,-97.7436995,1561.6666666666667,-0.020693979933110396,-0.0010660980810233145
24,2021-06-01,975,san-antonio-tx,Texas,29.4246002,-98.4951405,,,
23,2021-07-01,977,san-antonio-tx,Texas,29.4246002,-98.4951405,,,
22,2021-08-01,1007,san-antonio-tx,Texas,29.4246002,-98.4951405,986.3333333333334,,
21,2021-09-01,1050,san-antonio-tx,Texas,29.4246002,-98.4951405,1011.3333333333334,0.025346400811084857,
20,2021-10-01,1064,san-antonio-tx,Texas,29.4246002,-98.4951405,1040.3333333333333,0.028675016479894344,
19,2021-11-01,1094,san-antonio-tx,Texas,29.4246002,-98.4951405,1069.3333333333333,0.027875680871515485,
18,2021-12-01,1130,san-antonio-tx,Texas,29.4246002,-98.4951405,1096.0,0.02493765586034913,
17,2022-01-01,1076,san-antonio-tx,Texas,29.4246002,-98.4951405,1100.0,0.0036496350364962904,
16,2022-02-01,1079,san-antonio-tx,Texas,29.4246002,-98.4951405,1095.0,-0.004545454545454519,
15,2022-03-01,1052,san-antonio-tx,Texas,29.4246002,-98.4951405,1069.0,-0.0237442922374429,
14,2022-04-01,1077,san-antonio-tx,Texas,29.4246002,-98.4951405,1069.3333333333333,0.00031181789834722196,
13,2022-05-01,1102,san-antonio-tx,Texas,29.4246002,-98.4951405,1077.0,0.007169576059850469,
12,2022-06-01,1141,san-antonio-tx,Texas,29.4246002,-98.4951405,1106.6666666666667,0.027545651501083235,
11,2022-07-01,1129,san-antonio-tx,Texas,29.4246002,-98.4951405,1124.0,0.015662650602409567,
10,2022-08-01,1129,san-antonio-tx,Texas,29.4246002,-98.4951405,1133.0,0.008007117437722311,0.14869888475836435
9,2022-09-01,1156,san-antonio-tx,Texas,29.4246002,-98.4951405,1138.0,0.0044130626654899086,0.12524719841792997
8,2022-10-01,1166,san-antonio-tx,Texas,29.4246002,-98.4951405,1150.3333333333333,0.01083772700644392,0.10573534123678319
7,2022-11-01,1179,san-antonio-tx,Texas,29.4246002,-98.4951405,1167.0,0.014488554042306534,0.09133416458852883
6,2022-12-01,1185,san-antonio-tx,Texas,29.4246002,-98.4951405,1176.6666666666667,0.008283347614967296,0.07360097323600989
5,2023-01-01,1141,san-antonio-tx,Texas,29.4246002,-98.4951405,1168.3333333333333,-0.00708215297450443,0.06212121212121202
4,2023-02-01,1163,san-antonio-tx,Texas,29.4246002,-98.4951405,1163.0,-0.004564907275320884,0.06210045662100461
3,2023-03-01,1161,san-antonio-tx,Texas,29.4246002,-98.4951405,1155.0,-0.006878761822871837,0.08044901777362012
2,2023-04-01,1124,san-antonio-tx,Texas,29.4246002,-98.4951405,1149.3333333333333,-0.0049062049062049695,0.07481296758104738
1,2023-05-01,1143,san-antonio-tx,Texas,29.4246002,-98.4951405,1142.6666666666667,-0.0058004640371228655,0.06097183534509454
0,2023-06-01,1099,san-antonio-tx,Texas,29.4246002,-98.4951405,1122.0,-0.01808634772462081,0.013855421686747027
24,2021-06-01,1232,houston-tx,Texas,29.7589382,-95.3676974,,,
23,2021-07-01,1167,houston-tx,Texas,29.7589382,-95.3676974,,,
22,2021-08-01,1123,houston-tx,Texas,29.7589382,-95.3676974,1174.0,,
21,2021-09-01,1181,houston-tx,Texas,29.7589382,-95.3676974,1157.0,-0.014480408858603022,
20,2021-10-01,1214,houston-tx,Texas,29.7589382,-95.3676974,1172.6666666666667,0.013540766349755096,
19,2021-11-01,1209,houston-tx,Texas,29.7589382,-95.3676974,1201.3333333333333,0.02444570778851607,
18,2021-12-01,1165,houston-tx,Texas,29.7589382,-95.3676974,1196.0,-0.004439511653718031,
17,2022-01-01,1221,houston-tx,Texas,29.7589382,-95.3676974,1198.3333333333333,0.0019509476031214223,
16,2022-02-01,1213,houston-tx,Texas,29.7589382,-95.3676974,1199.6666666666667,0.0011126564673158423,
15,2022-03-01,1214,houston-tx,Texas,29.7589382,-95.3676974,1216.0,0.013614893025840402,
14,2022-04-01,1287,houston-tx,Texas,29.7589382,-95.3676974,1238.0,0.018092105263157965,
13,2022-05-01,1317,houston-tx,Texas,29.7589382,-95.3676974,1272.6666666666667,0.028002154011847136,
12,2022-06-01,1279,houston-tx,Texas,29.7589382,-95.3676974,1294.3333333333333,0.01702462022001039,
11,2022-07-01,1318,houston-tx,Texas,29.7589382,-95.3676974,1304.6666666666667,0.007983517898532133,
10,2022-08-01,1310,houston-tx,Texas,29.7589382,-95.3676974,1302.3333333333333,-0.0017884517118038623,0.10931289040317993
9,2022-09-01,1328,houston-tx,Texas,29.7589382,-95.3676974,1318.6666666666667,0.01254159201433347,0.13972918467300488
8,2022-10-01,1378,houston-tx,Texas,29.7589382,-95.3676974,1338.6666666666667,0.015166835187057526,0.14155770324047756
7,2022-11-01,1328,houston-tx,Texas,29.7589382,-95.3676974,1344.6666666666667,0.004482071713147517,0.11931187569367374
6,2022-12-01,1351,houston-tx,Texas,29.7589382,-95.3676974,1352.3333333333333,0.005701536936043583,0.13071348940914151
5,2023-01-01,1303,houston-tx,Texas,29.7589382,-95.3676974,1327.3333333333333,-0.018486566428395412,0.10764951321279548
4,2023-02-01,1348,houston-tx,Texas,29.7589382,-95.3676974,1334.0,0.0050226017076846485,0.11197554876354543
3,2023-03-01,1296,houston-tx,Texas,29.7589382,-95.3676974,1315.6666666666667,-0.01374312843578207,0.08196271929824572
2,2023-04-01,1255,houston-tx,Texas,29.7589382,-95.3676974,1299.6666666666667,-0.012161135039270299,0.04981152396338184
1,2023-05-01,1297,houston-tx,Texas,29.7589382,-95.3676974,1282.6666666666667,-0.013080276994101081,0.00785751702462023
0,2023-06-01,1255,houston-tx,Texas,29.7589382,-95.3676974,1269.0,-0.010654885654885704,-0.0195724954931753
24,2021-06-01,1100,las-vegas-nv,West,36.1662859,-115.149225,,,
23,2021-07-01,1070,las-vegas-nv,West,36.1662859,-115.149225,,,
22,2021-08-01,1137,las-vegas-nv,West,36.1662859,-115.149225,1102.3333333333333,,
21,2021-09-01,1183,las-vegas-nv,West,36.1662859,-115.149225,1130.0,0.025098276383429097,
20,2021-10-01,1240,las-vegas-nv,West,36.1662859,-115.149225,1186.6666666666667,0.050147492625368884,
19,2021-11-01,1198,las-vegas-nv,West,36.1662859,-115.149225,1207.0,0.01713483146067407,
18,2021-12-01,1218,las-vegas-nv,West,36.1662859,-115.149225,1218.6666666666667,0.009665838166252438,
17,2022-01-01,1264,las-vegas-nv,West,36.1662859,-115.149225,1226.6666666666667,0.006564551422319376,
16,2022-02-01,1263,las-vegas-nv,West,36.1662859,-115.149225,1248.3333333333333,0.017663043478260754,
15,2022-03-01,1263,las-vegas-nv,West,36.1662859,-115.149225,1263.3333333333333,0.012016021361815676,
14,2022-04-01,1279,las-vegas-nv,West,36.1662859,-115.149225,1268.3333333333333,0.003957783641160839,
13,2022-05-01,1302,las-vegas-nv,West,36.1662859,-115.149225,1281.3333333333333,0.010249671484888312,
12,2022-06-01,1292,las-vegas-nv,West,36.1662859,-115.149225,1291.0,0.007544224765869023,
11,2022-07-01,1296,las-vegas-nv,West,36.1662859,-115.149225,1296.6666666666667,0.004389362251484785,
10,2022-08-01,1298,las-vegas-nv,West,36.1662859,-115.149225,1295.3333333333333,-0.0010282776349616052,0.17508315693982457
9,2022-09-01,1316,las-vegas-nv,West,36.1662859,-115.149225,1303.3333333333333,0.006176016469377155,0.15339233038348077
8,2022-10-01,1303,las-vegas-nv,West,36.1662859,-115.149225,1305.6666666666667,0.0017902813299233156,0.10028089887640457
7,2022-11-01,1297,las-vegas-nv,West,36.1662859,-115.149225,1305.3333333333333,-0.00025529742149610346,0.0814692074012704
6,2022-12-01,1300,las-vegas-nv,West,36.1662859,-115.149225,1300.0,-0.004085801838610736,0.06673960612691454
5,2023-01-01,1297,las-vegas-nv,West,36.1662859,-115.149225,1298.0,-0.0015384615384614886,0.0581521739130435
4,2023-02-01,1299,las-vegas-nv,West,36.1662859,-115.149225,1298.6666666666667,0.0005136106831022946,0.040320427236315126
3,2023-03-01,1280,las-vegas-nv,West,36.1662859,-115.149225,1292.0,-0.005133470225872738,0.022691292875989477
2,2023-04-01,1283,las-vegas-nv,West,36.1662859,-115.149225,1287.3333333333333,-0.003611971104231171,0.014980289093298182
1,2023-05-01,1252,las-vegas-nv,West,36.1662859,-115.149225,1271.6666666666667,-0.012169860176074465,-0.007544224765868801
0,2023-06-01,1224,las-vegas-nv,West,36.1662859,-115.149225,1253.0,-0.01467889908256892,-0.029434546862896926
24,2021-06-01,1995,los-angeles-ca,West,34.053717,-118.2427266,,,
23,2021-07-01,2002,los-angeles-ca,West,34.053717,-118.2427266,,,
22,2021-08-01,2071,los-angeles-ca,West,34.053717,-118.2427266,2022.6666666666667,,
21,2021-09-01,2110,los-angeles-ca,West,34.053717,-118.2427266,2061.0,0.018951878707976322,
20,2021-10-01,2127,los-angeles-ca,West,34.053717,-118.2427266,2102.6666666666665,0.020216723273491777,
19,2021-11-01,2196,los-angeles-ca,West,34.053717,-118.2427266,2144.3333333333335,0.019816106531388877,
18,2021-12-01,2197,los-angeles-ca,West,34.053717,-118.2427266,2173.3333333333335,0.013524016788434734,
17,2022-01-01,2211,los-angeles-ca,West,34.053717,-118.2427266,2201.3333333333335,0.012883435582822012,
16,2022-02-01,2254,los-angeles-ca,West,34.053717,-118.2427266,2220.6666666666665,0.008782556026650346,
15,2022-03-01,2317,los-angeles-ca,West,34.053717,-118.2427266,2260.6666666666665,0.018012608826178278,
14,2022-04-01,2366,los-angeles-ca,West,34.053717,-118.2427266,2312.3333333333335,0.022854615157770652,
13,2022-05-01,2384,los-angeles-ca,West,34.053717,-118.2427266,2355.6666666666665,0.01874008937581073,
12,2022-06-01,2364,los-angeles-ca,West,34.053717,-118.2427266,2371.3333333333335,0.0066506296872790305,
11,2022-07-01,2399,los-angeles-ca,West,34.053717,-118.2427266,2382.3333333333335,0.004638740511667239,
10,2022-08-01,2449,los-angeles-ca,West,34.053717,-118.2427266,2404.0,0.009094725059465514,0.18852999340804222
9,2022-09-01,2461,los-angeles-ca,West,34.053717,-118.2427266,2436.3333333333335,0.013449805879090393,0.18211224324761455
8,2022-10-01,2413,los-angeles-ca,West,34.053717,-118.2427266,2441.0,0.0019154467095361394,0.16090678503487643
7,2022-11-01,2434,los-angeles-ca,West,34.053717,-118.2427266,2436.0,-0.002048340843916474,0.13601741022850922
6,2022-12-01,2447,los-angeles-ca,West,34.053717,-118.2427266,2431.3333333333335,-0.0019157088122604415,0.11871165644171788
5,2023-01-01,2365,los-angeles-ca,West,34.053717,-118.2427266,2415.3333333333335,-0.006580751302440402,0.09721380981223504
4,2023-02-01,2369,los-angeles-ca,West,34.053717,-118.2427266,2393.6666666666665,-0.008970466464256255,0.07790453317322132
3,2023-03-01,2395,los-angeles-ca,West,34.053717,-118.2427266,2376.3333333333335,-0.007241331290906428,0.05116484812739608
2,2023-04-01,2391,los-angeles-ca,West,34.053717,-118.2427266,2385.0,0.0036470753261326205,0.03142568833789805
1,2023-05-01,2425,los-angeles-ca,West,34.053717,-118.2427266,2403.6666666666665,0.007826694619147423,0.020376397339748165
0,2023-06-01,2400,los-angeles-ca,West,34.053717,-118.2427266,2405.3333333333335,0.0006933851060879626,0.014337925217880132
24,2021-06-01,1920,san-diego-ca,West,32.7174209,-117.1627714,,,
23,2021-07-01,1969,san-diego-ca,West,32.7174209,-117.1627714,,,
22,2021-08-01,2018,san-diego-ca,West,32.7174209,-117.1627714,1969.0,,
21,2021-09-01,2073,san-diego-ca,West,32.7174209,-117.1627714,2020.0,0.02590147282884714,
20,2021-10-01,2138,san-diego-ca,West,32.7174209,-117.1627714,2076.3333333333335,0.027887788778877987,
19,2021-11-01,2208,san-diego-ca,West,32.7174209,-117.1627714,2139.6666666666665,0.03050248836089242,
18,2021-12-01,2063,san-diego-ca,West,32.7174209,-117.1627714,2136.3333333333335,-0.0015578750584201995,
17,2022-01-01,2163,san-diego-ca,West,32.7174209,-117.1627714,2144.6666666666665,0.003900764549851665,
16,2022-02-01,2295,san-diego-ca,West,32.7174209,-117.1627714,2173.6666666666665,0.013521914827478998,
15,2022-03-01,2349,san-diego-ca,West,32.7174209,-117.1627714,2269.0,0.04385830394111334,
14,2022-04-01,2420,san-diego-ca,West,32.7174209,-117.1627714,2354.6666666666665,0.037755251946525625,
13,2022-05-01,2410,san-diego-ca,West,32.7174209,-117.1627714,2393.0,0.016279728199320553,
12,2022-06-01,2200,san-diego-ca,West,32.7174209,-117.1627714,2343.3333333333335,-0.020754979802200757,
11,2022-07-01,2380,san-diego-ca,West,32.7174209,-117.1627714,2330.0,-0.005689900426742556,
10,2022-08-01,2678,san-diego-ca,West,32.7174209,-117.1627714,2419.3333333333335,0.038340486409156105,0.2287116979854411
9,2022-09-01,2615,san-diego-ca,West,32.7174209,-117.1627714,2557.6666666666665,0.057178286029208936,0.2661716171617161
8,2022-10-01,2509,san-diego-ca,West,32.7174209,-117.1627714,2600.6666666666665,0.01681219861853256,0.25252849574570546
7,2022-11-01,2498,san-diego-ca,West,32.7174209,-117.1627714,2540.6666666666665,-0.023071007433991264,0.18741236952796392
6,2022-12-01,2352,san-diego-ca,West,32.7174209,-117.1627714,2453.0,-0.03450537916557328,0.14822905289436727
5,2023-01-01,2295,san-diego-ca,West,32.7174209,-117.1627714,2381.6666666666665,-0.029080038048648005,0.11050668324525947
4,2023-02-01,2337,san-diego-ca,West,32.7174209,-117.1627714,2328.0,-0.022533240027991508,0.07100138015641777
3,2023-03-01,2372,san-diego-ca,West,32.7174209,-117.1627714,2334.6666666666665,0.00286368843069873,0.028940796239165456
2,2023-04-01,2386,san-diego-ca,West,32.7174209,-117.1627714,2365.0,0.01299257567104517,0.004388448471121187
1,2023-05-01,2411,san-diego-ca,West,32.7174209,-117.1627714,2389.6666666666665,0.010429880197321939,-0.0013929516645773132
0,2023-06-01,2450,san-diego-ca,West,32.7174209,-117.1627714,2415.6666666666665,0.010880178546519792,0.030867709815078026
24,2021-06-01,1595,seattle-wa,West,47.6038321,-122.3300624,,,
23,2021-07-01,1598,seattle-wa,West,47.6038321,-122.3300624,,,
22,2021-08-01,1650,seattle-wa,West,47.6038321,-122.3300624,1614.3333333333333,,
21,2021-09-01,1690,seattle-wa,West,47.6038321,-122.3300624,1646.0,0.019615940532727638,
20,2021-10-01,1731,seattle-wa,West,47.6038321,-122.3300624,1690.3333333333333,0.02693398136897529,
19,2021-11-01,1776,seattle-wa,West,47.6038321,-122.3300624,1732.3333333333333,0.024847170183395884,
18,2021-12-01,1806,seattle-wa,West,47.6038321,-122.3300624,1771.0,0.022320569559361125,
17,2022-01-01,1858,seattle-wa,West,47.6038321,-122.3300624,1813.3333333333333,0.02390363259928474,
16,2022-02-01,1897,seattle-wa,West,47.6038321,-122.3300624,1853.6666666666667,0.022242647058823506,
15,2022-03-01,1896,seattle-wa,West,47.6038321,-122.3300624,1883.6666666666667,0.0161841395432476,
14,2022-04-01,1892,seattle-wa,West,47.6038321,-122.3300624,1895.0,0.006016634224031092,
13,2022-05-01,1952,seattle-wa,West,47.6038321,-122.3300624,1913.3333333333333,0.009674582233949014,
12,2022-06-01,1965,seattle-wa,West,47.6038321,-122.3300624,1936.3333333333333,0.012020905923344927,
11,2022-07-01,1966,seattle-wa,West,47.6038321,-122.3300624,1961.0,0.01273885350318471,
10,2022-08-01,1996,seattle-wa,West,47.6038321,-122.3300624,1975.6666666666667,0.0074791772904980736,0.22382820565765038
9,2022-09-01,2026,seattle-wa,West,47.6038321,-122.3300624,1996.0,0.010291884595917011,0.2126366950182259
8,2022-10-01,1950,seattle-wa,West,47.6038321,-122.3300624,1990.6666666666667,-0.002672010688042681,0.177676986787616
7,2022-11-01,1946,seattle-wa,West,47.6038321,-122.3300624,1974.0,-0.008372404554588098,0.13950355974600726
6,2022-12-01,1997,seattle-wa,West,47.6038321,-122.3300624,1964.3333333333333,-0.0048969942586963855,0.10916619612271772
5,2023-01-01,1959,seattle-wa,West,47.6038321,-122.3300624,1967.3333333333333,0.0015272357033768724,0.08492647058823533
4,2023-02-01,2000,seattle-wa,West,47.6038321,-122.3300624,1985.3333333333333,0.009149440867502578,0.07103039021758661
3,2023-03-01,2009,seattle-wa,West,47.6038321,-122.3300624,1989.3333333333333,0.002014775016789816,0.05609626614758434
2,2023-04-01,1981,seattle-wa,West,47.6038321,-122.3300624,1996.6666666666667,0.003686327077748075,0.05364995602462619
1,2023-05-01,1989,seattle-wa,West,47.6038321,-122.3300624,1993.0,-0.0018363939899833648,0.041637630662020975
0,2023-06-01,1995,seattle-wa,West,47.6038321,-122.3300624,1988.3333333333333,-0.0023415286837263904,0.026854880358065047
24,2021-06-01,1395,portland-or,West,45.5202471,-122.6741949,,,
23,2021-07-01,1399,portland-or,West,45.5202471,-122.6741949,,,
22,2021-08-01,1403,portland-or,West,45.5202471,-122.6741949,1399.0,,
21,2021-09-01,1432,portland-or,West,45.5202471,-122.6741949,1411.3333333333333,0.008815820824398246,
20,2021-10-01,1474,portland-or,West,45.5202471,-122.6741949,1436.3333333333333,0.01771374586679264,
19,2021-11-01,1488,portland-or,West,45.5202471,-122.6741949,1464.6666666666667,0.019726154560222975,
18,2021-12-01,1472,portland-or,West,45.5202471,-122.6741949,1478.0,0.00910332271279013,
17,2022-01-01,1495,portland-or,West,45.5202471,-122.6741949,1485.0,0.0047361299052774974,
16,2022-02-01,1473,portland-or,West,45.5202471,-122.6741949,1480.0,-0.0033670033670033517,
15,2022-03-01,1492,portland-or,West,45.5202471,-122.6741949,1486.6666666666667,0.0045045045045044585,
14,2022-04-01,1488,portland-or,West,45.5202471,-122.6741949,1484.3333333333333,-0.0015695067264575036,
13,2022-05-01,1496,portland-or,West,45.5202471,-122.6741949,1492.0,0.00516505726476546,
12,2022-06-01,1495,portland-or,West,45.5202471,-122.6741949,1493.0,0.0006702412868633267,
11,2022-07-01,1508,portland-or,West,45.5202471,-122.6741949,1499.6666666666667,0.004465282429113593,
10,2022-08-01,1506,portland-or,West,45.5202471,-122.6741949,1503.0,0.002222716159146376,0.07433881343817017
9,2022-09-01,1501,portland-or,West,45.5202471,-122.6741949,1505.0,0.0013306719893546592,0.06636750118091639
8,2022-10-01,1512,portland-or,West,45.5202471,-122.6741949,1506.3333333333333,0.0008859357696566761,0.04873520538407994
7,2022-11-01,1542,portland-or,West,45.5202471,-122.6741949,1518.3333333333333,0.007966364239876178,0.0366408739189803
6,2022-12-01,1532,portland-or,West,45.5202471,-122.6741949,1528.6666666666667,0.0068057080131724845,0.03428055931438889
5,2023-01-01,1498,portland-or,West,45.5202471,-122.6741949,1524.0,-0.0030527692978631338,0.02626262626262621
4,2023-02-01,1507,portland-or,West,45.5202471,-122.6741949,1512.3333333333333,-0.00765529308836399,0.0218468468468469
3,2023-03-01,1505,portland-or,West,45.5202471,-122.6741949,1503.3333333333333,-0.00595106898831832,0.011210762331838486
2,2023-04-01,1496,portland-or,West,45.5202471,-122.6741949,1502.6666666666667,-0.00044345898004427564,0.012351223894004226
1,2023-05-01,1470,portland-or,West,45.5202471,-122.6741949,1490.3333333333333,-0.008207630878438454,-0.0011170688114388039
0,2023-06-01,1395,portland-or,West,45.5202471,-122.6741949,1453.6666666666667,-0.024602997092373013,-0.02634516633177042
24,2021-06-01,2695,san-francisco-ca,West,37.7792768,-122.4192704,,,
23,2021-07-01,2728,san-francisco-ca,West,37.7792768,-122.4192704,,,
22,2021-08-01,2797,san-francisco-ca,West,37.7792768,-122.4192704,2740.0,,
21,2021-09-01,2797,san-francisco-ca,West,37.7792768,-122.4192704,2774.0,0.012408759124087565,
20,2021-10-01,2797,san-francisco-ca,West,37.7792768,-122.4192704,2797.0,0.008291276135544257,
19,2021-11-01,2804,san-francisco-ca,West,37.7792768,-122.4192704,2799.3333333333335,0.0008342271481349695,
18,2021-12-01,2809,san-francisco-ca,West,37.7792768,-122.4192704,2803.3333333333335,0.00142891164562986,
17,2022-01-01,2862,san-francisco-ca,West,37.7792768,-122.4192704,2825.0,0.007728894173602896,
16,2022-02-01,2908,san-francisco-ca,West,37.7792768,-122.4192704,2859.6666666666665,0.012271386430678488,
15,2022-03-01,2907,san-francisco-ca,West,37.7792768,-122.4192704,2892.3333333333335,0.011423242802191425,
14,2022-04-01,2896,san-francisco-ca,West,37.7792768,-122.4192704,2903.6666666666665,0.003918404978679124,
13,2022-05-01,2903,san-francisco-ca,West,37.7792768,-122.4192704,2902.0,-0.00057398691309829,
12,2022-06-01,2983,san-francisco-ca,West,37.7792768,-122.4192704,2927.3333333333335,0.008729611762003264,
11,2022-07-01,3075,san-francisco-ca,West,37.7792768,-122.4192704,2987.0,0.020382600774311088,
10,2022-08-01,3039,san-francisco-ca,West,37.7792768,-122.4192704,3032.3333333333335,0.015176877580627135,0.10669099756691014
9,2022-09-01,3073,san-francisco-ca,West,37.7792768,-122.4192704,3062.3333333333335,0.009893371441134446,0.10394136024993994
8,2022-10-01,3023,san-francisco-ca,West,37.7792768,-122.4192704,3045.0,-0.005660171982148743,0.08866642831605298
7,2022-11-01,2995,san-francisco-ca,West,37.7792768,-122.4192704,3030.3333333333335,-0.004816639299397907,0.0825196475351273
6,2022-12-01,2978,san-francisco-ca,West,37.7792768,-122.4192704,2998.6666666666665,-0.010449895501045137,0.0696789536266349
5,2023-01-01,2962,san-francisco-ca,West,37.7792768,-122.4192704,2978.3333333333335,-0.006780791462872249,0.05427728613569327
4,2023-02-01,2995,san-francisco-ca,West,37.7792768,-122.4192704,2978.3333333333335,0.0,0.04149667793449141
3,2023-03-01,2997,san-francisco-ca,West,37.7792768,-122.4192704,2984.6666666666665,0.002126468942361459,0.031923475855710315
2,2023-04-01,2995,san-francisco-ca,West,37.7792768,-122.4192704,2995.6666666666665,0.0036855036855036882,0.031684077603030714
1,2023-05-01,2997,san-francisco-ca,West,37.7792768,-122.4192704,2996.3333333333335,0.0002225436741960518,0.032506317482196234
0,2023-06-01,2999,san-francisco-ca,West,37.7792768,-122.4192704,2997.0,0.0002224941595283525,0.023798679116374455
24,2021-06-01,2202,hoboken-nj,Northeast,40.744,-74.0324,,,
23,2021-07-01,2226,hoboken-nj,Northeast,40.744,-74.0324,,,
22,2021-08-01,2315,hoboken-nj,Northeast,40.744,-74.0324,2247.6666666666665,,
21,2021-09-01,2631,hoboken-nj,Northeast,40.744,-74.0324,2390.6666666666665,0.06362153344208799,
20,2021-10-01,2798,hoboken-nj,Northeast,40.744,-74.0324,2581.3333333333335,0.07975460122699407,
19,2021-11-01,2850,hoboken-nj,Northeast,40.744,-74.0324,2759.6666666666665,0.06908574380165278,
18,2021-12-01,2850,hoboken-nj,Northeast,40.744,-74.0324,2832.6666666666665,0.026452470105085224,
17,2022-01-01,2911,hoboken-nj,Northeast,40.744,-74.0324,2870.3333333333335,0.013297246410920227,
16,2022-02-01,2896,hoboken-nj,Northeast,40.744,-74.0324,2885.6666666666665,0.005342004412959955,
15,2022-03-01,3033,hoboken-nj,Northeast,40.744,-74.0324,2946.6666666666665,0.021138962689153384,
14,2022-04-01,3182,hoboken-nj,Northeast,40.744,-74.0324,3037.0,0.03065610859728518,
13,2022-05-01,2840,hoboken-nj,Northeast,40.744,-74.0324,3018.3333333333335,-0.006146416419712364,
12,2022-06-01,2862,hoboken-nj,Northeast,40.744,-74.0324,2961.3333333333335,-0.01888459414688015,
11,2022-07-01,2803,hoboken-nj,Northeast,40.744,-74.0324,2835.0,-0.04266096352994153,
10,2022-08-01,2785,hoboken-nj,Northeast,40.744,-74.0324,2816.6666666666665,-0.0064667842445620405,0.2531514162835533
9,2022-09-01,2836,hoboken-nj,Northeast,40.744,-74.0324,2808.0,-0.003076923076922977,0.17456776352481884
8,2022-10-01,2916,hoboken-nj,Northeast,40.744,-74.0324,2845.6666666666665,0.013414055080721798,0.10240185950413205
7,2022-11-01,2950,hoboken-nj,Northeast,40.744,-74.0324,2900.6666666666665,0.01932763265784243,0.05109312718927406
6,2022-12-01,3103,hoboken-nj,Northeast,40.744,-74.0324,2989.6666666666665,0.030682601700758427,0.055424805836667534
5,2023-01-01,3013,hoboken-nj,Northeast,40.744,-74.0324,3022.0,0.010815029546214827,0.052839391476019015
4,2023-02-01,3222,hoboken-nj,Northeast,40.744,-74.0324,3112.6666666666665,0.03000220604456194,0.07866466443340658
3,2023-03-01,3375,hoboken-nj,Northeast,40.744,-74.0324,3203.3333333333335,0.029128292996358995,0.08710407239819018
2,2023-04-01,3497,hoboken-nj,Northeast,40.744,-74.0324,3364.6666666666665,0.05036420395421426,0.10789155965316644
1,2023-05-01,3504,hoboken-nj,Northeast,40.744,-74.0324,3458.6666666666665,0.027937388547652153,0.14588625069022632
0,2023-06-01,3550,hoboken-nj,Northeast,40.744,-74.0324,3517.0,0.016865844255975482,0.18764070238631247
24,2021-06-01,805,montgomery-al,South,32.34369,-86.4111,,,
23,2021-07-01,819,montgomery-al,South,32.34369,-86.4111,,,
22,2021-08-01,824,montgomery-al,South,32.34369,-86.4111,816.0,,
21,2021-09-01,796,montgomery-al,South,32.34369,-86.4111,813.0,-0.003676470588235281,
20,2021-10-01,757,montgomery-al,South,32.34369,-86.4111,792.3333333333334,-0.025420254202542014,
19,2021-11-01,738,montgomery-al,South,32.34369,-86.4111,763.6666666666666,-0.03618005889777043,
18,2021-12-01,757,montgomery-al,South,32.34369,-86.4111,750.6666666666666,-0.0170231340026189,
17,2022-01-01,803,montgomery-al,South,32.34369,-86.4111,766.0,0.02042628774422739,
16,2022-02-01,745,montgomery-al,South,32.34369,-86.4111,768.3333333333334,0.003046127067014792,
15,2022-03-01,715,montgomery-al,South,32.34369,-86.4111,754.3333333333334,-0.01822125813449027,
14,2022-04-01,693,montgomery-al,South,32.34369,-86.4111,717.6666666666666,-0.04860804242156436,
13,2022-05-01,681,montgomery-al,South,32.34369,-86.4111,696.3333333333334,-0.02972596377148151,
12,2022-06-01,733,montgomery-al,South,32.34369,-86.4111,702.3333333333334,0.008616562948779327,
11,2022-07-01,701,montgomery-al,South,32.34369,-86.4111,705.0,0.0037968675842430244,
10,2022-08-01,700,montgomery-al,South,32.34369,-86.4111,711.3333333333334,0.00898345153664315,-0.12826797385620914
9,2022-09-01,725,montgomery-al,South,32.34369,-86.4111,708.6666666666666,-0.0037488284910965897,-0.12833128331283317
8,2022-10-01,914,montgomery-al,South,32.34369,-86.4111,779.6666666666666,0.10018814675446852,-0.01598653765250324
7,2022-11-01,789,montgomery-al,South,32.34369,-86.4111,809.3333333333334,0.03805044890979059,0.05979921431689239
6,2022-12-01,750,montgomery-al,South,32.34369,-86.4111,817.6666666666666,0.010296540362438211,0.08925399644760224
5,2023-01-01,750,montgomery-al,South,32.34369,-86.4111,763.0,-0.06685690990623727,-0.003916449086161844
4,2023-02-01,857,montgomery-al,South,32.34369,-86.4111,785.6666666666666,0.029707295762341657,0.02255965292841644
3,2023-03-01,892,montgomery-al,South,32.34369,-86.4111,833.0,0.06024607551972849,0.10428634555899241
2,2023-04-01,895,montgomery-al,South,32.34369,-86.4111,881.3333333333334,0.05802320928371363,0.228053878309336
1,2023-05-01,963,montgomery-al,South,32.34369,-86.4111,916.6666666666666,0.04009077155824503,0.3164193393968404
0,2023-06-01,1000,montgomery-al,South,32.34369,-86.4111,952.6666666666666,0.03927272727272735,0.35643094447081136
24,2021-06-01,954,kansas-city-mo,Mid-West,39.0914,-94.906,,,
23,2021-07-01,947,kansas-city-mo,Mid-West,39.0914,-94.906,,,
22,2021-08-01,944,kansas-city-mo,Mid-West,39.0914,-94.906,948.3333333333334,,
21,2021-09-01,947,kansas-city-mo,Mid-West,39.0914,-94.906,946.0,-0.002460456942003586,
20,2021-10-01,953,kansas-city-mo,Mid-West,39.0914,-94.906,948.0,0.0021141649048626032,
19,2021-11-01,933,kansas-city-mo,Mid-West,39.0914,-94.906,944.3333333333334,-0.003867791842475321,
18,2021-12-01,949,kansas-city-mo,Mid-West,39.0914,-94.906,945.0,0.000705965407695075,
17,2022-01-01,950,kansas-city-mo,Mid-West,39.0914,-94.906,944.0,-0.0010582010582010914,
16,2022-02-01,965,kansas-city-mo,Mid-West,39.0914,-94.906,954.6666666666666,0.011299435028248483,
15,2022-03-01,978,kansas-city-mo,Mid-West,39.0914,-94.906,964.3333333333334,0.010125698324022325,
14,2022-04-01,995,kansas-city-mo,Mid-West,39.0914,-94.906,979.3333333333334,0.015554787417905391,
13,2022-05-01,997,kansas-city-mo,Mid-West,39.0914,-94.906,990.0,0.010891763104152519,
12,2022-06-01,1018,kansas-city-mo,Mid-West,39.0914,-94.906,1003.3333333333334,0.013468013468013407,
11,2022-07-01,1043,kansas-city-mo,Mid-West,39.0914,-94.906,1019.3333333333334,0.015946843853820614,
10,2022-08-01,1011,kansas-city-mo,Mid-West,39.0914,-94.906,1024.0,0.00457815565729236,0.07978910369068526
9,2022-09-01,1057,kansas-city-mo,Mid-West,39.0914,-94.906,1037.0,0.0126953125,0.09619450317124745
8,2022-10-01,1055,kansas-city-mo,Mid-West,39.0914,-94.906,1041.0,0.0038572806171648377,0.09810126582278489
7,2022-11-01,1056,kansas-city-mo,Mid-West,39.0914,-94.906,1056.0,0.014409221902017322,0.1182492057889164
6,2022-12-01,1058,kansas-city-mo,Mid-West,39.0914,-94.906,1056.3333333333333,0.00031565656565657463,0.1178130511463844
5,2023-01-01,1094,kansas-city-mo,Mid-West,39.0914,-94.906,1069.3333333333333,0.012306721363205986,0.13276836158192085
4,2023-02-01,1088,kansas-city-mo,Mid-West,39.0914,-94.906,1080.0,0.009975062344139696,0.13128491620111737
3,2023-03-01,1091,kansas-city-mo,Mid-West,39.0914,-94.906,1091.0,0.010185185185185075,0.1313515381956447
2,2023-04-01,1029,kansas-city-mo,Mid-West,39.0914,-94.906,1069.3333333333333,-0.019859456156431476,0.09189925119128639
1,2023-05-01,1083,kansas-city-mo,Mid-West,39.0914,-94.906,1067.6666666666667,-0.0015586034912716817,0.07845117845117855
0,2023-06-01,1129,kansas-city-mo,Mid-West,39.0914,-94.906,1080.3333333333333,0.011863877614735951,0.07674418604651145
